city,rmse,mae,r2
Bangalore,0.23995579084168112,0.1804434501108523,0.9892077234865314
Chennai,0.2840210656465148,0.21160331655997197,0.9881191451942024
Delhi,0.33642278418498384,0.24879359317229963,0.9978910803798973
Jodhpur,0.24111704482638274,0.18102897916982233,0.9891030133693692
Lucknow,0.32149063944451883,0.24090249154712928,0.997709499717575
Mumbai,0.31351595498471424,0.23308686588104052,0.9794879193457593
